source,title,url,score
HackerNews,Computer-generated dream world: Virtual reality for a 286 processor,https://deadlime.hu/en/2026/02/22/computer-generated-dream-world/,33
HackerNews,"If AI writes code, should the session be part of the commit?",https://github.com/mandel-macaque/memento,115
HackerNews,WebMCP is available for early preview,https://developer.chrome.com/blog/webmcp-epp,231
HackerNews,Everett shuts down Flock camera network after judge rules footage public record,https://www.wltx.com/article/news/nation-world/281-53d8693e-77a4-42ad-86e4-3426a30d25ae,108
HackerNews,"Show HN: Timber – Ollama for classical ML models, 336x faster than Python",https://github.com/kossisoroyce/timber,84
HackerNews,"Right-sizes LLM models to your system's RAM, CPU, and GPU",https://github.com/AlexsJones/llmfit,75
HackerNews,Frankensqlite a Rust reimplementation of SQLite with concurrent writers,https://frankensqlite.com/,19
HackerNews,"Show HN: I built a zero-browser, pure-JS typesetting engine for bit-perfect PDFs",https://github.com/cosmiciron/vmprint,32
HackerNews,Ghostty – Terminal Emulator,https://ghostty.org/docs,687
HackerNews,Tove Jansson's criticized illustrations of The Hobbit (2023),https://tovejansson.com/hobbit-tolkien/,130
Reddit,City2Graph: A Python library for Graph Neural Networks (GNNs) on geospatial data,https://www.reddit.com/r/Python/comments/1rhwa3x/city2graph_a_python_library_for_graph_neural/,37
Reddit,Seeking a CPython internals expert to land asyncio Guest Mode (PR #145343) together,https://www.reddit.com/r/Python/comments/1rhul46/seeking_a_cpython_internals_expert_to_land/,9
Reddit,Monday Daily Thread: Project ideas!,https://www.reddit.com/r/Python/comments/1ridf96/monday_daily_thread_project_ideas/,6
Reddit,I built a tool to automatically tailor your resume to a job description using Python,https://www.reddit.com/r/Python/comments/1rid6bx/i_built_a_tool_to_automatically_tailor_your/,3
Reddit,"I made an open source Python Mini SDK for Gemini that includes function calling, async support",https://www.reddit.com/r/Python/comments/1rijcgs/i_made_an_open_source_python_mini_sdk_for_gemini/,3
Reddit,VBAN TEXT CLI (Voicemeeter/Matrix),https://www.reddit.com/r/Python/comments/1ria7vc/vban_text_cli_voicemeetermatrix/,1
Reddit,ByteTok: A fast BPE tokenizer with a clean Python API,https://www.reddit.com/r/Python/comments/1ri9fij/bytetok_a_fast_bpe_tokenizer_with_a_clean_python/,1
Reddit,My attempt at gamifying Kubernetes Learning - worth building further ?,https://www.reddit.com/r/Python/comments/1rhuyp4/my_attempt_at_gamifying_kubernetes_learning_worth/,0
Reddit,"Built a Python app with Streamlit, Pandas &amp; Llama 3.1 to cut D&amp;D prep time by 80%",https://www.reddit.com/r/Python/comments/1ri9qnh/built_a_python_app_with_streamlit_pandas_llama_31/,0
Reddit,I built an open-source CSV and Excel repair tool in Python - Feedbacks Welcome,https://www.reddit.com/r/Python/comments/1rhtmee/i_built_an_opensource_csv_and_excel_repair_tool/,0
FakeStore,"Fjallraven - Foldsack No. 1 Backpack, Fits 15 Laptops",,3
FakeStore,Mens Casual Premium Slim Fit T-Shirts ,,4
FakeStore,Mens Cotton Jacket,,4
FakeStore,Mens Casual Slim Fit,,2
FakeStore,John Hardy Women's Legends Naga Gold & Silver Dragon Station Chain Bracelet,,4
FakeStore,Solid Gold Petite Micropave ,,3
FakeStore,White Gold Plated Princess,,3
FakeStore,Pierced Owl Rose Gold Plated Stainless Steel Double,,1
FakeStore,WD 2TB Elements Portable External Hard Drive - USB 3.0 ,,3
FakeStore,SanDisk SSD PLUS 1TB Internal SSD - SATA III 6 Gb/s,,2
